trialnum	subject	session	part	condition	basicShape	numObjects	speed	initialAngle	initialOtherAngle	cueFrames	correct	trialDurTotal	numTargets	whichIsTarget	reversal_count	reversal_0	reversal_1	reversal_2	reversal_3	reversal_4	reversal_5	reversal_6	reversal_7	reversal_8	reversal_9
0	temp	1	Part1_OffFix_Standard	near_displaced	circle	2	0.3	2.9548	6.0964	120	1	6.566	1	0	2	1.9718	3.8621	-999	-999	-999	-999	-999	-999	-999	-999
1	temp	1	Part1_OffFix_Standard	far_displaced	circle	2	0.3	4.0574	0.9158	120	1	5.374	1	0	2	2.9634	4.8102	-999	-999	-999	-999	-999	-999	-999	-999
2	temp	1	Part1_OffFix_Standard	near_displaced	circle	2	0.03	3.3118	0.1702	120	1	5.349	1	0	2	2.6687	4.594	-999	-999	-999	-999	-999	-999	-999	-999
3	temp	1	Part1_OffFix_Standard	centred	circle	2	0.3	1.0078	4.1494	120	1	5.35	1	0	3	2.403	3.1707	4.9168	-999	-999	-999	-999	-999	-999	-999
4	temp	1	Part1_OffFix_Standard	near_displaced	circle	2	0.03	2.8544	5.996	120	1	5.351	1	0	3	2.4309	3.1563	4.6403	-999	-999	-999	-999	-999	-999	-999
5	temp	1	Part1_OffFix_Standard	far_displaced	circle	2	0.03	2.2538	5.3953	120	1	5.348	1	0	4	1.8034	2.7284	3.3705	5.0991	-999	-999	-999	-999	-999	-999
6	temp	1	Part1_OffFix_Standard	near_displaced	circle	2	0.03	5.567	2.4254	120	1	5.35	1	0	2	2.9403	4.3705	-999	-999	-999	-999	-999	-999	-999	-999
7	temp	1	Part1_OffFix_Standard	near_displaced	circle	2	0.03	3.8206	0.679	120	1	5.347	1	0	3	2.7436	3.3659	5.2647	-999	-999	-999	-999	-999	-999	-999
8	temp	1	Part1_OffFix_Standard	near_displaced	circle	2	0.03	3.7494	0.6078	120	1	5.348	1	0	2	2.0918	3.8856	-999	-999	-999	-999	-999	-999	-999	-999
9	temp	1	Part1_OffFix_Standard	near_displaced	circle	2	0.03	0.8588	4.0004	120	1	5.349	1	0	2	3.0074	4.9018	-999	-999	-999	-999	-999	-999	-999	-999
10	temp	1	Part1_OffFix_Standard	near_displaced	circle	2	0.03	5.9045	2.7629	120	1	5.35	1	0	2	2.5372	3.7715	-999	-999	-999	-999	-999	-999	-999	-999
11	temp	1	Part1_OffFix_Standard	centred	circle	2	0.03	1.4578	4.5994	120	1	5.35	1	0	2	2.2299	3.7018	-999	-999	-999	-999	-999	-999	-999	-999
12	temp	1	Part1_OffFix_Standard	near_displaced	circle	2	0.03	1.1735	4.3151	120	1	5.349	1	0	3	1.7217	3.4824	4.5902	-999	-999	-999	-999	-999	-999	-999
13	temp	1	Part1_OffFix_Standard	centred	circle	2	0.03	5.3432	2.2016	120	1	5.35	1	0	2	2.563	4.532	-999	-999	-999	-999	-999	-999	-999	-999
14	temp	1	Part1_OffFix_Standard	far_displaced	circle	2	0.03	3.1698	0.0282	120	1	5.349	1	0	2	2.8171	3.8489	-999	-999	-999	-999	-999	-999	-999	-999
15	temp	1	Part1_OffFix_Standard	centred	circle	2	0.03	4.8874	1.7458	120	1	5.35	1	0	2	2.1676	3.942	-999	-999	-999	-999	-999	-999	-999	-999
16	temp	1	Part1_OffFix_Standard	centred	circle	2	0.03	3.3553	0.2137	120	1	5.349	1	0	3	1.8175	2.9454	4.131	-999	-999	-999	-999	-999	-999	-999
17	temp	1	Part1_OffFix_Standard	near_displaced	circle	2	0.03	5.8681	2.7265	120	1	5.35	1	0	2	3.1048	4.9902	-999	-999	-999	-999	-999	-999	-999	-999
18	temp	1	Part1_OffFix_Standard	near_displaced	circle	2	0.03	2.988	6.1296	120	1	5.349	1	0	3	2.4856	3.2564	3.7712	-999	-999	-999	-999	-999	-999	-999
19	temp	1	Part1_OffFix_Standard	far_displaced	circle	2	0.03	5.7077	2.5661	120	1	6.834	1	0	3	2.0676	2.6301	4.4331	-999	-999	-999	-999	-999	-999	-999
20	temp	1	Part1_OffFix_Standard	centred	circle	2	0.03	5.9786	2.837	120	1	5.793	1	0	2	2.6785	3.8688	-999	-999	-999	-999	-999	-999	-999	-999
21	temp	1	Part1_OffFix_Standard	near_displaced	circle	2	0.03	5.5506	2.409	120	1	5.928	1	0	2	2.9182	3.8169	-999	-999	-999	-999	-999	-999	-999	-999
22	temp	1	Part1_OffFix_Standard	near_displaced	circle	2	0.03	6.1509	3.0093	120	1	5.349	1	0	3	1.8335	3.1534	4.9512	-999	-999	-999	-999	-999	-999	-999
23	temp	1	Part1_OffFix_Standard	centred	circle	2	0.03	2.9922	6.1338	120	1	5.349	1	0	3	1.9826	3.0341	3.5807	-999	-999	-999	-999	-999	-999	-999
24	temp	1	Part1_OffFix_Standard	near_displaced	circle	2	0.03	5.0808	1.9392	120	1	5.483	1	0	3	2.0693	3.1445	4.0747	-999	-999	-999	-999	-999	-999	-999
25	temp	1	Part1_OffFix_Standard	centred	circle	2	0.03	1.2052	4.3468	120	1	6.106	1	0	2	3.0457	3.6011	-999	-999	-999	-999	-999	-999	-999	-999
26	temp	1	Part1_OffFix_Standard	centred	circle	2	0.03	3.3628	0.2212	120	1	5.59	1	0	2	1.7698	3.6551	-999	-999	-999	-999	-999	-999	-999	-999
27	temp	1	Part1_OffFix_Standard	centred	circle	2	0.03	3.2314	0.0898	120	1	5.355	1	0	3	1.9387	3.2165	4.8829	-999	-999	-999	-999	-999	-999	-999
28	temp	1	Part1_OffFix_Standard	far_displaced	circle	2	0.03	0.0342	3.1758	120	1	5.366	1	0	3	1.7743	3.1517	3.8455	-999	-999	-999	-999	-999	-999	-999
29	temp	1	Part1_OffFix_Standard	centred	circle	2	0.03	2.0304	5.172	120	1	5.349	1	0	2	2.5255	3.8188	-999	-999	-999	-999	-999	-999	-999	-999
30	temp	1	Part1_OffFix_Standard	far_displaced	circle	2	0.03	0.88	4.0216	120	1	5.35	1	0	3	1.9143	2.8978	4.874	-999	-999	-999	-999	-999	-999	-999
31	temp	1	Part1_OffFix_Standard	centred	circle	2	0.03	2.8526	5.9942	120	1	5.364	1	0	2	3.0939	4.6439	-999	-999	-999	-999	-999	-999	-999	-999
32	temp	1	Part1_OffFix_Standard	centred	circle	2	0.03	5.0779	1.9363	120	1	5.365	1	0	2	3.0916	4.8783	-999	-999	-999	-999	-999	-999	-999	-999
33	temp	1	Part1_OffFix_Standard	centred	circle	2	0.03	5.8653	2.7237	120	1	5.466	1	0	2	2.0255	3.535	-999	-999	-999	-999	-999	-999	-999	-999
34	temp	1	Part1_OffFix_Standard	near_displaced	circle	2	0.03	4.7	1.5585	120	1	5.349	1	0	4	1.739	2.8968	3.4443	5.1501	-999	-999	-999	-999	-999	-999
35	temp	1	Part1_OffFix_Standard	centred	circle	2	0.03	5.9764	2.8348	120	1	5.416	1	0	3	1.8019	2.791	4.2221	-999	-999	-999	-999	-999	-999	-999
36	temp	1	Part1_OffFix_Standard	centred	circle	2	0.03	1.2849	4.4265	120	1	5.349	1	0	2	3.1051	4.0919	-999	-999	-999	-999	-999	-999	-999	-999
37	temp	1	Part1_OffFix_Standard	far_displaced	circle	2	0.03	1.6884	4.83	120	1	5.35	1	0	3	1.7462	2.8553	4.6328	-999	-999	-999	-999	-999	-999	-999
38	temp	1	Part1_OffFix_Standard	near_displaced	circle	2	0.03	0.2614	3.403	120	1	5.432	1	0	2	3.1578	5.1227	-999	-999	-999	-999	-999	-999	-999	-999
39	temp	1	Part1_OffFix_Standard	centred	circle	2	0.03	5.116	1.9744	120	1	5.366	1	0	2	2.9917	4.4894	-999	-999	-999	-999	-999	-999	-999	-999
40	temp	1	Part1_OffFix_Standard	centred	circle	2	0.03	4.7628	1.6212	120	1	5.819	1	0	3	2.5973	3.2367	4.7344	-999	-999	-999	-999	-999	-999	-999
41	temp	1	Part1_OffFix_Standard	near_displaced	circle	2	0.03	5.6258	2.4842	120	1	5.38	1	0	3	1.7932	3.2085	4.5487	-999	-999	-999	-999	-999	-999	-999
42	temp	1	Part1_OffFix_Standard	far_displaced	circle	2	0.03	3.3135	0.1719	120	1	5.345	1	0	2	2.8663	4.6414	-999	-999	-999	-999	-999	-999	-999	-999
43	temp	1	Part1_OffFix_Standard	far_displaced	circle	2	0.03	5.552	2.4105	120	1	5.349	1	0	3	2.1186	3.2464	5.0836	-999	-999	-999	-999	-999	-999	-999
44	temp	1	Part1_OffFix_Standard	far_displaced	circle	2	0.03	1.0055	4.1471	120	1	5.347	1	0	2	2.0747	3.7843	-999	-999	-999	-999	-999	-999	-999	-999
45	temp	1	Part1_OffFix_Standard	centred	circle	2	0.03	5.9523	2.8107	120	1	5.35	1	0	2	2.7182	4.6844	-999	-999	-999	-999	-999	-999	-999	-999
46	temp	1	Part1_OffFix_Standard	near_displaced	circle	2	0.03	1.1576	4.2992	120	1	5.35	1	0	2	2.7777	3.7638	-999	-999	-999	-999	-999	-999	-999	-999
47	temp	1	Part1_OffFix_Standard	centred	circle	2	0.03	3.1304	6.272	120	1	7.549	1	0	2	2.7919	4.7213	-999	-999	-999	-999	-999	-999	-999	-999
48	temp	1	Part1_OffFix_Standard	far_displaced	circle	2	0.03	3.0737	6.2153	120	1	6.449	1	0	2	2.1877	4.0135	-999	-999	-999	-999	-999	-999	-999	-999
49	temp	1	Part1_OffFix_Standard	far_displaced	circle	2	0.03	4.7674	1.6258	120	1	5.383	1	0	2	2.1811	4.0062	-999	-999	-999	-999	-999	-999	-999	-999
50	temp	1	Part1_OffFix_Standard	far_displaced	circle	2	0.03	1.8631	5.0047	120	1	5.524	1	0	2	2.924	4.7937	-999	-999	-999	-999	-999	-999	-999	-999
51	temp	1	Part1_OffFix_Standard	near_displaced	circle	2	0.03	0.2224	3.364	120	1	5.373	1	0	4	1.7675	2.3083	2.9555	3.6842	-999	-999	-999	-999	-999	-999
52	temp	1	Part1_OffFix_Standard	far_displaced	circle	2	0.03	2.8533	5.9949	120	1	5.366	1	0	2	2.7951	4.707	-999	-999	-999	-999	-999	-999	-999	-999
53	temp	1	Part1_OffFix_Standard	centred	circle	2	0.03	5.0653	1.9237	120	1	6.266	1	0	3	2.3169	3.24	4.8739	-999	-999	-999	-999	-999	-999	-999
